any language,Otherlanguages
Engli,Otherlanguages
Eng,Otherlanguages
Hi,Otherlanguages
can you speak english,Otherlanguages
English,Otherlanguages
Hello,Otherlanguages
How are you?,Otherlanguages
Hi there,Otherlanguages
تتكلم إنجليزي؟,Otherlanguages
English?,Otherlanguages
Language,Otherlanguages
French,Otherlanguages
ايطالي,Otherlanguages
تتكلم فرنسي,Otherlanguages
إيطالي؟,Otherlanguages
اسباني,Otherlanguages
غير عربي,Otherlanguages
لغات أخرى,Otherlanguages
إنجازات,الإنجازات
Achievements?,الإنجازات
Achievements؟,الإنجازات
إنجازات؟,الإنجازات
منجزاتكم؟,الإنجازات
منجزاتكم,الإنجازات
ماذا حققتكم؟,الإنجازات
ماهي منجزاتكم,الإنجازات
ماذا حققتكم,الإنجازات
ما الذي حققتموه خلال الفترة الماضية؟,الإنجازات
ما الذي حققتموه؟,الإنجازات
وش منجزاتكم؟,الإنجازات
ما هي إنجازاتكم؟,الإنجازات
إنجازاتكم؟,الإنجازات
انجازات,الإنجازات
Achievements,الإنجازات
وش حققتكم,الإنجازات
اسمك,الاسم
وش اسم شركتكم؟,الاسم
اسم شركتكم وش؟,الاسم
اسم شركتكم؟,الاسم
وش اسمكم,الاسم
ما هو اسمكم؟,الاسم
وش اسمك؟,الاسم
وش هو اسمك,الاسم
وش هو اسمك؟,الاسم
ما هو اسمك؟,الاسم
ما هو اسمك,الاسم
ما هو اسم شركتكم؟,الاسم
وش اسمك,الاسم
الاسم,الاسم
هل متاح تدريب؟,التدريب
هل عندكم تدريب,التدريب
تدريب تعاوني,التدريب
تدريب صيفي,التدريب
COOP,التدريب
كيف أسجل في التدريب الصيفي؟,التدريب
تدريب,التدريب
أبغا أتدرب عندكم,التدريب
هل عندكم تدريب؟,التدريب
هل عندكم تدريب صيفي؟,التدريب
توفرون تدريب صيفي,التدريب
التدريب الصيفي,التدريب
تدربوني عندكم؟,التدريب
ممكن أتدرب عندكم؟,التدريب
تدربوني؟,التدريب
برامج للطلاب؟,التدريب
متى التدريب الصيفي,التدريب
حياك,الترحيب
مرححبا,الترحيب
مرحب,الترحيب
كيف الحال؟,الترحيب
مساء الخير,الترحيب
مساء النور,الترحيب
هلا,الترحيب
أهلا,الترحيب
مرحبًا,الترحيب
أهلا وسهلا,الترحيب
ما هي شركتكم,التعريف
Smart Methods,التعريف
الأساليب الذكية,التعريف
وش عندكم,التعريف
وش تبيع,التعريف
وش تبيعون,التعريف
من أنتم؟,التعريف
من هي الأساليب الذكية؟,التعريف
من انتم,التعريف
الجوال,التواصل
كيف أتواصل معكم؟,التواصل
ممكن وسيلة تواصل؟,التواصل
كيف أتواصل معكم,التواصل
ممكن رقمكم؟,التواصل
ممكن إيميلكم؟,التواصل
رقم الهاتف,التواصل
كيف اتواصل معكم,التواصل
كيف اكلمكم,التواصل
البريد الإلكتروني,التواصل
وسيلة تواصل مع الأساليب الذكية,التواصل
Contact us,التواصل
Contact,التواصل
إيميلكم؟,التواصل
رقم الجوال,التواصل
عندكم وضايف,التوظيف
عندكم وظايف,التوظيف
عندكم وظايف؟,التوظيف
أبغا وظيفة,التوظيف
طفران,التوظيف
ما هي الفرص الوظيفية,التوظيف
توظيف,التوظيف
الفرص الوظيفية؟,التوظيف
الفرص الوظيفية,التوظيف
توفرون فرص توظيف؟,التوظيف
عمل,التوظيف
أبغا اشتغل عندكم,التوظيف
تشغلوني عندكم,التوظيف
تكفون شغلوني,التوظيف
عاطل وأدور وظيفة,التوظيف
وضيفة,التوظيف
أستودعكم الله,الختام
أوك,الختام
شكرًا,الختام
شكرًا لكم,الختام
في أمان الله,الختام
مع السلامة,الختام
ما هي رؤيتكم؟,الرؤية
ما هي رؤية شركة الأساليب الذكية؟,الرؤية
رؤية,الرؤية
روية,الرؤية
رؤيتكم,الرؤية
vision,الرؤية
الرؤية,الرؤية
وش رؤيتكم,الرؤية
الرسالة اللي تقدمونها,الرسالة
ما هي الرسالة؟,الرسالة
ماهي رسالة شركة الأساليب الذكية؟,الرسالة
ماهي الرسالة التي تقدمونها؟,الرسالة
ماهي الرسالة التي تقدمونها في شركة الأساليب الذكية,الرسالة
رسالة شركة الأساليب الذكية,الرسالة
الرسالة,الرسالة
رسالتكم,الرسالة
رسالتكم؟,الرسالة
رسالتكم وش,الرسالة
وش رسالتكم,الرسالة
ما هي رسالتكم؟,الرسالة
السلام,السلام
السلام عليكم,السلام
سلام,السلام
السلام عليكم ورحمة الله وبركاته,السلام
السلام عليكم ورحمة الله,السلام
عملائكم,العملاء
عملائكم؟,العملاء
عملاء الأساليب الذكية,العملاء
عملاء,العملاء
من هم عملائكم سابقٍا؟,العملاء
مع من تعاملتم قبل كذا؟,العملاء
من هم عملائكم؟,العملاء
من عملائكم السابقين؟,العملاء
مين تعامل معكم؟,العملاء
أحتاج أعرف فين موقعكم؟,العنوان
أين هو مقركم؟,العنوان
أين هو موقعكم؟,العنوان
فين موقعكم؟,العنوان
ممكن موقعكم؟,العنوان
وين مكانكم,العنوان
وين موقعكم؟,العنوان
موقعكم؟,العنوان
مكانكم؟,العنوان
مقركم؟,العنوان
أين يوجد مقر شركتكم؟,العنوان
وينكم,العنوان
في مكة؟,العنوان
أين يوجد مقر شركة الأساليب الذكية؟,العنوان
مقر شركتكم وين؟,العنوان
هل عندكم مقر؟,العنوان
ممكن أعرف مكانكم وين,العنوان
أحتاج أعرف موقعكم؟,العنوان
احتاج اعرف موقعكم وين,العنوان
احتاج اعرف موقعكم وين؟,العنوان
فين مكانكم؟,العنوان
سفير,سفير
ممكن أصير سفير معكم؟,سفير
سفر,سفير
سفراء,سفير
سفيرات,سفير
كيف أسجل كسفير,سفير
سفراء الأساليب الذكية,سفير
سفير الأساليب الذكية,سفير
ممكن أشوف شغلكم,نماذج
وروني شغلكم,نماذج
وش سويتم من روبوتات,نماذج
أعمالكم؟,نماذج
نماذج من عملكم,نماذج
روبوتاتكم؟,نماذج
وش صنعتم,نماذج
ممكن نماذج من أعمالكم؟,نماذج
ممكن صور لشغلكم,نماذج
